"Submission ID","Respondent ID","Submitted at","Do you agree to participate?","Q1. Are you currently an enrolled university-level student in Bangladesh?","Q2. What type of institution?","Q3. Name of your university or college (optional)","Q4. Level of study","Q5. Which city or district is your campus in?","Q6. Broad field of study","Q7. Age","Q8. Gender","Q9. What best describes where you grew up?","Q10. Highest education completed by either parent","Q11. Father's primary occupation (optional)","Q12. Mother's primary occupation (optional)","Q13. How many siblings do you have?","Q14. What is your birth order among your siblings?","Q15. Where are you living right now, during term time?","Q16. Are you attached to a university hall, even if you don't sleep there?","Q17. Did you move away from your family's home in order to study?","Q18. How many people do you share your sleeping room with?","Q19. How long have you been in your current living arrangement?","Q20. How do you usually get most of your meals?","Q21. Who mainly decides how your day-to-day money is spent?","Q22. How often does a family member ask what you spent money on?","Q23. After an impulse purchase, do you ever hide or downplay it when talking to family? (optional)","Q24. Approximate total monthly living cost — rent/hall fee + food + utilities, excluding tuition","Q25. Has living away from family changed which purchases you now consider ""necessary"" vs. ""optional""?","Q26. Roughly how much does your family pay in tuition and fees per semester or year?","Q27. Would you say the cost of your education is a strain on your family?","Q28. Has a public exam, session jam, or semester delay ever affected your financial planning?","Q29. Approximate monthly income of your family household, all earners combined","Q30. How many people depend on that household income, including you?","Q31. Do you support your family financially?","Q32. How much of your income goes to your family per month?","Q33. Where does your money come from?","Q33. Where does your money come from? (Allowance from parents/family)","Q33. Where does your money come from? (Money sent by a sibling or relative)","Q33. Where does your money come from? (Remittance from family member abroad)","Q33. Where does your money come from? (Private tuition (teaching students))","Q33. Where does your money come from? (Part-time job)","Q33. Where does your money come from? (Freelancing / online work)","Q33. Where does your money come from? (Scholarship or stipend)","Q33. Where does your money come from? (Small business / reselling)","Q33. Where does your money come from? (Content creation)","Q33. Where does your money come from? (Other (please specify))","Q34. Roughly how much money do you have available to spend in a typical month — all sources, not counting tuition paid directly by family?","Q35. Is that amount roughly the same each month?","Q36. Does your accommodation cost come out of the money above, or is it paid separately?","Q37. Do you spend more in the days right after receiving money (from home, stipend, or salary) compared to the rest of the month?","Q38. In a typical month, which three categories take the largest share of your spending?","Q39. Roughly what portion of your monthly money goes to non-essentials — entertainment, eating out, shopping for fun?","Q40. How do you usually pay?","Q40. How do you usually pay? (Cash)","Q40. How do you usually pay? (bKash / Nagad / Rocket)","Q40. How do you usually pay? (Debit or credit card)","Q40. How do you usually pay? (Cash on delivery)","Q40. How do you usually pay? (Bank transfer)","Q41. Do you keep any money aside as savings?","Q42. Roughly what share of your monthly money do you manage to save?","Q43. Do you have a joint or informal lending arrangement with friends (borrowing/lending small amounts)?","Q44. Do you feel pressure to spend on group activities (treats, outings, gifts) even when it strains your budget? ","Q45. I set a budget for my monthly expenses.","Q46. I stick to my budget even when I'm tempted to spend more.","Q47. I compare prices before making a purchase.","Q48. I keep track of my daily spending.","Q49. I set money aside for emergencies before spending on things I want.","Q50. I pay my bills and dues on time.","Q51. I plan my spending in advance for the upcoming month.","Q52. I avoid borrowing money to cover everyday expenses.","Q53. I feel confident in my ability to manage my own money.","Q54. I usually run out of money before the month ends.","Q55. Do you know your own monthly spending total within about ৳500 accuracy?","Q56. When money runs short before the month ends, what do you usually do?","Q56. When money runs short before the month ends, what do you usually do? (Ask family for extra)","Q56. When money runs short before the month ends, what do you usually do? (Borrow from a friend)","Q56. When money runs short before the month ends, what do you usually do? (Use savings)","Q56. When money runs short before the month ends, what do you usually do? (Cut back and manage)","Q56. When money runs short before the month ends, what do you usually do? (Delay a payment)","Q56. When money runs short before the month ends, what do you usually do? (Take extra tuition or work)","Q56. When money runs short before the month ends, what do you usually do? (Prefer not to say)","Q57. How often do you buy something online (Daraz, Facebook page shops, Foodpanda, Chaldal, Pathao, apps, etc.)?","Q58. Where do you buy most often?","Q58. Where do you buy most often? (Daraz)","Q58. Where do you buy most often? (Facebook page or group shops)","Q58. Where do you buy most often? (Instagram sellers)","Q58. Where do you buy most often? (Foodpanda / food delivery)","Q58. Where do you buy most often? (Chaldal or grocery apps)","Q58. Where do you buy most often? (Pathao / Uber)","Q58. Where do you buy most often? (Brand websites)","Q58. Where do you buy most often? (AliExpress / international)","Q58. Where do you buy most often? (Other (please specify))","Q59. I sometimes buy things online without planning to.","Q60. Discounts, flash sales, or a countdown timer make me buy faster than I normally would.","Q61. I have ordered something late at night that I would not have ordered during the day.","Q62. Free delivery or a small offer has led me to add extra items to my cart.","Q63. I sometimes regret purchases I made online afterward.","Q64. Content on social media (Facebook, Instagram, TikTok, etc.) influences my online buying decisions.","Q65. Do you use ""buy now, pay later"" or installment options more than you originally intended to?","Q66. Do you ever add items to an online cart and deliberately wait before buying?","Q67. Do you follow ""deal/discount"" pages or groups (Facebook, Telegram, etc.) even when you're not planning to buy anything? (optional)","Q68. In a typical month, how many unplanned online purchases do you make?","Q69. On average, how much do you spend per unplanned online purchase?","Q70. Which categories do you most often impulse-buy online?","Q70. Which categories do you most often impulse-buy online? (Clothing / fashion accessories)","Q70. Which categories do you most often impulse-buy online? (Gadgets / electronics)","Q70. Which categories do you most often impulse-buy online? (Food delivery)","Q70. Which categories do you most often impulse-buy online? (Cosmetics / skincare)","Q70. Which categories do you most often impulse-buy online? (Books / stationery)","Q70. Which categories do you most often impulse-buy online? (Other (please specify))","Q71. Roughly how much time do you spend scrolling shopping apps or seller pages on a normal day?","Q72. Which is more likely to make you buy something you didn't plan to: seeing a friend/classmate has it, or seeing an ad for it?","Q73. Compared to your close friends, do you think you spend more, less, or about the same?","Q74. I often feel stressed or anxious about my financial situation. ","Q75. My family's financial background influences how carefully I spend money.","Q76. Someone hands you ৳5,000 right now, no conditions. What is the first thing you do with it?","Q77. What was the last thing you bought online, and what made you buy it? (optional)","Q78. Is there anything else about your living situation or background that shapes how you spend or save money? (optional)","Q38. In a typical month, which three categories take the largest share of your spending? (2)","Q38. In a typical month, which three categories take the largest share of your spending? (Food and groceries)","Q38. In a typical month, which three categories take the largest share of your spending? (Rent / mess or hostel fees)","Q38. In a typical month, which three categories take the largest share of your spending? (Transport)","Q38. In a typical month, which three categories take the largest share of your spending? (Mobile data and recharge)","Q38. In a typical month, which three categories take the largest share of your spending? (Books, printing, photocopies)","Q38. In a typical month, which three categories take the largest share of your spending? (Coaching, courses, exam fees)","Q38. In a typical month, which three categories take the largest share of your spending? (Clothes and personal care)","Q38. In a typical month, which three categories take the largest share of your spending? (Eating out with friends)","Q38. In a typical month, which three categories take the largest share of your spending? (Online shopping)","Q38. In a typical month, which three categories take the largest share of your spending? (Subscriptions (streaming, gaming, apps))","Q38. In a typical month, which three categories take the largest share of your spending? (Cigarettes / tea stall)","Q38. In a typical month, which three categories take the largest share of your spending? (Gifts and family contributions)","Q38. In a typical month, which three categories take the largest share of your spending? (Medical)","Q38. In a typical month, which three categories take the largest share of your spending? (Savings)"
"Z9DXRd5","2Ez8E0j","2026-08-24 16:11:00","I agree to participate","Yes","Public university","University of Dhaka","2nd year","Dhaka","Engineering & Technology","20","Male","Semi-urban (town)","Bachelor's","Retired / not working","Homemaker","1","Youngest child","University hall or dormitory (actually sleeping there)","Yes, attached but living elsewhere","Yes, moved to a different district","1","Under 6 months","Hall / dormitory dining or canteen","Entirely me","Sometimes","No, I'm open about my spending","৳5,000–9,999","No real change","Under ৳5,000","A little","No effect","৳30,000–49,999","4","Yes","Under ৳5,000","Private tuition (teaching students), Freelancing / online work, Scholarship or stipend","false","false","false","true","false","true","true","false","false","false","৳8,000–11,999","Changes a little","Comes out of my money","I spend uniformly throughout the month","","More than half","Cash, bKash / Nagad / Rocket","true","true","false","false","false","Yes, every month","11–25%","Yes, but I keep careful track","Rarely","3","5","5","2","4","5","4","5","5","1","Yes","Ask family for extra","true","false","false","false","false","false","false","1–3 times a month","Daraz, Foodpanda / food delivery","true","false","false","true","false","false","false","false","false","6","5","1","7","1","5","I've never used installment options","Yes, but I buy it anyway later","No, I avoid them","0","Below ৳500","Gadgets / electronics, Food delivery","false","true","true","false","false","false","Almost none","Neither affects me","More than most","1","7","Cover next month's expenses","food","","Food and groceries, Rent / mess or hostel fees, Eating out with friends","true","true","false","false","false","false","false","true","false","false","false","false","false","false"
"DqMo4NZ","1AzPNaQ","2026-08-24 17:47:25","I agree to participate","Yes","Public university","University of Dhaka","2nd year","Dhaka","Engineering & Technology","20","Male","Urban (city)","Master's or above","Private service","Homemaker","0","Only child","With my parents / family home","Yes, attached but living elsewhere","No, I live at home","0 (own room)","Over 2 years","Cooked at home by family","Shared roughly equally","Rarely","Occasionally","৳10,000–19,999","Not applicable (living with family)","Under ৳5,000","Not at all","Yes, but I adjusted easily","৳80,000–1,49,999","2","No","","Private tuition (teaching students), Allowance from parents/family","true","false","false","true","false","false","false","false","false","false","৳12,000–19,999","Changes a little","Paid separately by family","Somewhat more","","Almost none","Cash","true","false","false","false","false","Yes, when I can","11–25%","Never","Sometimes, for close friends only","3","5","3","5","3","5","1","5","5","3","Yes","Use savings","false","false","true","false","false","false","false","Never","","","","","","","","","","","","","","","","","","","","","","","","","","","","","","","","5","8","Buy something I've been wanting","","","Mobile data and recharge, Gifts and family contributions, Food and groceries","true","false","false","true","false","false","false","false","false","false","false","true","false","false"
"o9vZD4M","rjRyYJo","2026-08-24 18:01:03","I agree to participate","Yes","Public university","Dhaka University","2nd year","Dhaka","Engineering & Technology","22","Male","Urban (city)","Master's or above","Private service","Private service","1","Youngest child","With my parents / family home","Yes, attached but living elsewhere","No, I live at home","0 (own room)","Over 2 years","Cooked at home by family","Mostly me, some family input","Sometimes","Occasionally","৳20,000 or above","Not applicable (living with family)","Under ৳5,000","Not at all","No effect","৳50,000–79,999","2","No","","Private tuition (teaching students), Allowance from parents/family","true","false","false","true","false","false","false","false","false","false","৳5,000–7,999","Changes a little","Paid separately by family","I spend uniformly throughout the month","","About a quarter","Cash, Debit or credit card, bKash / Nagad / Rocket","true","true","true","false","false","Yes, every month","More than 50%","Rarely","Sometimes, for close friends only","4","3","5","4","4","5","2","5","4","2","Yes","Ask family for extra, Cut back and manage, Delay a payment","true","false","false","true","true","false","false","1–3 times a month","Daraz, Instagram sellers, Foodpanda / food delivery","true","false","true","true","false","false","false","false","false","4","4","2","4","3","4","I've never used installment options","No, I buy immediately or not at all","No, but I see them anyway via ads","1–2","৳500–1,499","Clothing / fashion accessories, Gadgets / electronics, Food delivery, Books / stationery","true","true","true","false","true","false","Almost none","Seeing an ad","About the same","4","5","Keep it in hand until I need it to buy/pay for something","Burger from Foodpanda, cravings + very good discount + wanted to try that particular restaurant's burger for a while","My family has always been very conscious about expenditure, and our financial situation had been strenuous for much of my childhood, so those habits naturally trickled down to me. I like to spend for myself whenever I can, but otherwise I tend to save my money or lend to my family and friends whenever needed.","Savings, Eating out with friends, Gifts and family contributions","false","false","false","false","false","false","false","true","false","false","false","true","false","true"
"EqMGXEA","aQXNovb","2026-08-24 18:21:07","I agree to participate","Yes","Public university","University of Dhaka","2nd year","Dhaka","Engineering & Technology","21","Male","Urban (city)","Master's or above","Private service","Homemaker","1","Oldest child","With my parents / family home","Yes, attached but living elsewhere","No, I live at home","0 (own room)","Over 2 years","Cooked at home by family","Shared roughly equally","Often","No, I'm open about my spending","Below ৳5,000","Not applicable (living with family)","৳5,000–24,999","A little","No effect","৳80,000–1,49,999","4","No","","Allowance from parents/family","true","false","false","false","false","false","false","false","false","false","৳2,000–4,999","Almost the same","No accommodation cost needed","I spend uniformly throughout the month","","About a quarter","Cash","true","false","false","false","false","Yes, every month","More than 50%","Never","No, I decline when I can't afford it","1","3","5","4","4","3","2","5","4","1","Roughly within ৳1,000–2,000","Use savings","false","false","true","false","false","false","false","Less than once a month","Brand websites","false","false","false","false","false","false","true","false","false","3","1","1","1","3","2","I've never used installment options","No, I buy immediately or not at all","No, I avoid them","0","Below ৳500","Gadgets / electronics","false","true","false","false","false","false","Almost none","Neither affects me","Less than most","2","4","Put all of it in savings","A meetion mt mc 14 mic","","Transport, Eating out with friends","false","false","true","false","false","false","false","true","false","false","false","false","false","false"
"1W6o4xg","lbXa9qV","2026-08-25 05:59:33","I agree to participate","Yes","Public university","University of Dhaka","2nd year","Dhaka","Engineering & Technology","21","Male","Urban (city)","Master's or above","Private service","Govt./public service","1","Oldest child","With my parents / family home","Yes, attached but living elsewhere","No, I live at home","1","Over 2 years","Cooked at home by family","Shared roughly equally","Rarely","Occasionally","৳10,000–19,999","Not applicable (living with family)","Under ৳5,000","Not at all","No effect","৳30,000–49,999","4","No","","Allowance from parents/family, Scholarship or stipend","true","false","false","false","false","false","true","false","false","false","৳2,000–4,999","Almost the same","Paid separately by family","I spend uniformly throughout the month","","About a quarter","Cash","true","false","false","false","false","No","","Never","Rarely","2","4","5","5","5","4","2","5","3","2","Yes","Ask family for extra","true","false","false","false","false","false","false","Less than once a month","Facebook page or group shops","false","true","false","false","false","false","false","false","false","2","7","0","7","3","7","No, I use it as planned","No, I buy immediately or not at all","No, but I see them anyway via ads","0","Below ৳500","Gadgets / electronics","false","true","false","false","false","false","Almost none","Both equally","Less than most","3","9","Give it to family","Hanger, due to less space in house","","Transport, Food and groceries, Medical","true","false","true","false","false","false","false","false","false","false","false","false","true","false"
"aOvqdWZ","obY9YYX","2026-08-25 06:11:10","I agree to participate","Yes","Engineering / technology university","Du","2nd year","Dhaka","Engineering & Technology","22","Male","Urban (city)","Up to HSC","Business","Homemaker","2","Youngest child","With my parents / family home","Yes, attached but living elsewhere","No, I live at home","0 (own room)","Over 2 years","Cooked at home by family","Entirely my family","Always","No, I'm open about my spending","Below ৳5,000","Not applicable (living with family)","৳5,000–24,999","Not at all","No effect","৳1,50,000 and above","3","No","","Allowance from parents/family","true","false","false","false","false","false","false","false","false","false","৳2,000–4,999","Almost the same","No accommodation cost needed","I spend uniformly throughout the month","","About a quarter","Cash","true","false","false","false","false","Yes, every month","1–10%","Rarely","Sometimes, for close friends only","4","5","5","5","4","5","3","5","5","1","Yes","Use savings","false","false","true","false","false","false","false","Never","","","","","","","","","","","","","","","","","","","","","","","","","","","","","","","","8","1","Buy something I've been wanting","Electronic gadget/study accessories (I forgot)
No influence. Just through my research and necessity","Yes I'm lazy to do side hustles. So can't earn money of my own, despite opportunities
And I'm self respectful to not ask extra money from family
So I kinda don't spend money according to my desires at all ","Food and groceries, Eating out with friends, Transport","true","false","true","false","false","false","false","true","false","false","false","false","false","false"
"J1MvNVr","2Ez8E0j","2026-08-25 08:56:18","I agree to participate","Yes","Public university","","2nd year","Dhaka","Engineering & Technology","20","Male","Semi-urban (town)","Bachelor's","Retired / not working","Homemaker","1","Youngest child","University hall or dormitory (actually sleeping there)","Yes, attached but living elsewhere","Yes, moved to a different district","4 or more","Under 6 months","Hall / dormitory dining or canteen","Entirely me","Rarely","No, I'm open about my spending","৳5,000–9,999","Yes, somewhat","Under ৳5,000","A little","No effect","৳30,000–49,999","5","Yes","Under ৳5,000","Private tuition (teaching students), Freelancing / online work, Scholarship or stipend","false","false","false","true","false","true","true","false","false","false","৳12,000–19,999","Changes a lot / unpredictable","No accommodation cost needed","I spend uniformly throughout the month","Savings, Eating out with friends, Food and groceries, Subscriptions (streaming, gaming, apps), Online shopping, Transport, Medical, Mobile data and recharge, Cigarettes / tea stall, Clothes and personal care, Coaching, courses, exam fees, Gifts and family contributions, Books, printing, photocopies, Rent / mess or hostel fees","About half","Cash, bKash / Nagad / Rocket","true","true","false","false","false","Yes, every month","26–50%","Yes, but I keep careful track","Sometimes, for close friends only","2","4","5","2","3","5","2","5","5","1","Yes","Use savings, Cut back and manage","false","false","true","true","false","false","false","Less than once a month","Daraz, Foodpanda / food delivery, Pathao / Uber","true","false","false","true","false","true","false","false","false","1","7","0","8","1","6","I've never used installment options","Yes, but I buy it anyway later","No, but I see them anyway via ads","1–2","Below ৳500","Gadgets / electronics, Food delivery","false","true","true","false","false","false","Almost none","Seeing an ad","More than most","1","7","Put all of it in savings","","","","","","","","","","","","","","","","",""